document,creationDate,location,projectManager
Ut.mp3,13/01/2018,/morbi/sem.js,Hobey Toal
UtNulla.jpeg,11/07/2017,/nibh/in/hac/habitasse/platea/dictumst/aliquam.json,Parke Calyton
Maecenas.mp3,27/05/2017,/duis/consequat/dui/nec/nisi.html,Randie Frantz
VestibulumEgetVulputate.doc,14/02/2017,/vitae/nisi/nam.html,Davis Longhorn
Non.jpeg,22/08/2017,/eget/eleifend.jpg,Franzen Haberfield
Sed.xls,28/05/2017,/luctus/et/ultrices.js,Giorgio Phythean
Duis.xls,05/11/2017,/nulla/tellus/in/sagittis.png,Ezmeralda Garry
InImperdiet.mp3,12/06/2017,/donec.json,Anne-corinne Angove
ImperdietSapien.avi,08/12/2017,/nam/ultrices/libero/non/mattis.png,Haily Ticic
ViverraDapibus.ppt,17/04/2017,/donec/quis/orci/eget.xml,Yorker Pidon
OdioConsequatVarius.mpeg,15/07/2017,/nunc/purus/phasellus/in/felis/donec/semper.png,Virginie Yewdall
LigulaNec.mov,08/07/2017,/non/sodales.jsp,Rob Buckler
ConsequatDui.xls,14/03/2017,/sed/interdum/venenatis/turpis.jsp,Irina Grimoldby
EnimSitAmet.ppt,14/09/2017,/curae/mauris/viverra/diam.png,Octavia Portsmouth
AugueVelAccumsan.tiff,15/10/2017,/quam/nec/dui.js,Ingemar Rodge
DictumstEtiamFaucibus.mov,05/08/2017,/ipsum/aliquam/non/mauris/morbi.png,Abigael Simioni
Mollis.mp3,15/09/2017,/etiam/justo/etiam/pretium/iaculis/justo/in.aspx,Fan Petrashov
NullaNuncPurus.mp3,12/04/2017,/vestibulum.jsp,Fiona Charlewood
PlateaDictumst.mov,20/02/2017,/elementum.html,Fifine Chishull
Dui.mp3,25/08/2017,/justo.aspx,Neal Yellowley
Diam.ppt,01/02/2017,/etiam/justo/etiam/pretium/iaculis/justo/in.js,Rayner Boame
DonecDapibusDuis.ppt,11/11/2017,/ultrices/erat/tortor.jsp,Ellery Slyde
LeoMaecenas.mp3,09/09/2017,/sed/sagittis/nam/congue/risus/semper/porta.aspx,Ralph Kollach
Venenatis.ppt,15/05/2017,/dapibus/at/diam/nam/tristique.js,Daven Melluish
NuncVestibulumAnte.png,05/03/2017,/ut/nulla/sed/accumsan.json,Padraig Demko
EtiamPretiumIaculis.avi,04/07/2017,/orci/luctus/et/ultrices/posuere.jpg,Eustacia Hubble
EleifendQuamA.pdf,22/01/2018,/vel/ipsum/praesent/blandit/lacinia/erat.xml,Emerson Gapp
VelIpsumPraesent.xls,10/05/2017,/convallis/morbi/odio/odio/elementum.html,Jone Grumble
InHac.mp3,15/05/2017,/donec/dapibus.html,Anica Elster
Curae.ppt,04/07/2017,/vestibulum/sed/magna/at/nunc/commodo/placerat.json,Upton Ingerson
Proin.pdf,01/02/2017,/odio/justo/sollicitudin/ut.xml,Bobby Fitzsymon
TellusNullaUt.avi,04/09/2017,/ornare/imperdiet/sapien.jsp,Beck Dulake
HabitassePlateaDictumst.xls,15/05/2017,/proin/eu/mi/nulla/ac/enim/in.js,Reeta Stearndale
DonecVitaeNisi.jpeg,02/06/2017,/in/ante/vestibulum/ante/ipsum/primis.json,Lauree Arkil
AugueASuscipit.jpeg,30/12/2017,/quam/turpis/adipiscing/lorem.xml,Eduardo Checketts
Pretium.tiff,07/10/2017,/ut/dolor.jsp,Dayle Swidenbank
OrciPede.mp3,21/09/2017,/sed/nisl/nunc/rhoncus.aspx,Gaylene Paliser
OrciLuctusEt.tiff,11/08/2017,/ipsum/praesent/blandit/lacinia.jpg,Gaby Cluatt
NullamSitAmet.pdf,08/03/2017,/nec/sem/duis.js,Elvyn Borzone
DonecOdio.mov,06/12/2017,/semper/rutrum/nulla/nunc/purus/phasellus.aspx,Alina Fern
EuPede.mp3,04/04/2017,/id.xml,Hyatt Tejada
Blandit.avi,29/11/2017,/placerat/praesent/blandit/nam.html,Griffith Blowfelde
LuctusCumSociis.jpeg,06/06/2017,/velit/nec/nisi/vulputate.xml,Euell Tregear
In.xls,09/09/2017,/purus/aliquet/at/feugiat/non/pretium/quis.jsp,Rhea Aiken
NonMi.ppt,04/07/2017,/rutrum/at/lorem/integer.aspx,Curr Mackison
NonummyIntegerNon.ppt,09/08/2017,/cras/mi/pede/malesuada/in/imperdiet.html,Bria Davet
Integer.mp3,08/09/2017,/lacus/morbi/sem.xml,Raquela Noriega
Lobortis.txt,31/12/2017,/suspendisse/accumsan/tortor.aspx,Bibbie Giraudoux
SuspendissePotentiCras.mp3,22/07/2017,/luctus/et/ultrices/posuere/cubilia.js,Domini Chadbourn
EstLaciniaNisi.avi,16/07/2017,/venenatis/tristique/fusce.png,Joyce Clapison
EuMiNulla.mpeg,09/06/2017,/est/donec/odio/justo/sollicitudin.html,Caddric Exell
ConvallisNullaNeque.avi,14/10/2017,/at/turpis/a/pede/posuere/nonummy/integer.json,Lilllie Warlowe
AcLeo.tiff,03/03/2017,/nam/ultrices.jpg,Karmen Murt
InMagnaBibendum.txt,05/11/2017,/quisque/arcu/libero/rutrum/ac/lobortis.json,Oliviero Pereira
LeoPellentesqueUltrices.xls,07/06/2017,/lorem/ipsum/dolor/sit.json,Electra Devonport
DignissimVestibulumVestibulum.avi,18/04/2017,/consequat/dui/nec/nisi/volutpat/eleifend/donec.png,Lynnelle Casterton
NullamOrciPede.avi,20/08/2017,/sed/vel.jsp,Sal Crann
NonMattis.ppt,13/01/2018,/amet/diam/in/magna/bibendum/imperdiet.xml,Jen Innis
MaurisEget.mp3,18/05/2017,/duis/faucibus/accumsan.json,Tremain Girt
Et.ppt,23/10/2017,/ut.xml,Shantee Chazelle
QuamAOdio.mp3,23/11/2017,/vestibulum/velit/id/pretium/iaculis.js,Leelah Pape
NullaIntegerPede.xls,02/04/2017,/vel/nulla/eget.json,Charlton Welband
AccumsanOdio.xls,31/08/2017,/aliquet/maecenas/leo/odio/condimentum/id.js,Sharl Reef
RutrumRutrumNeque.mp3,13/06/2017,/ultrices/erat/tortor.jsp,Yurik Barnard
NequeLibero.jpeg,09/09/2017,/magnis/dis/parturient/montes/nascetur/ridiculus/mus.html,Darcy Battelle
NislNuncNisl.ppt,08/10/2017,/dictumst/etiam/faucibus/cursus/urna/ut.html,Chanda Oles
CongueEtiamJusto.mp3,26/03/2017,/blandit/nam.png,Orel Matherson
Vestibulum.xls,01/12/2017,/faucibus/orci/luctus/et/ultrices/posuere/cubilia.png,Drucill Ollis
FeugiatEt.gif,09/10/2017,/ut/erat/id/mauris/vulputate.xml,Jennica Dugood
TinciduntEu.mp3,19/11/2017,/turpis/nec/euismod/scelerisque/quam/turpis.js,Veriee Vasilik
PlaceratPraesent.jpeg,23/04/2017,/non/mi/integer/ac.js,Garner Went
UtMaurisEget.jpeg,07/04/2017,/vel.png,Timmi Svanetti
At.png,06/07/2017,/eget/semper/rutrum/nulla/nunc/purus.xml,Stephi Kieff
InHac.avi,21/10/2017,/rutrum.json,Gerardo Greenan
Dictumst.png,21/04/2017,/at/feugiat/non/pretium/quis.js,Waring Goering
TempusVivamusIn.jpeg,15/02/2017,/in/felis/eu/sapien/cursus/vestibulum.js,Barnie Forsythe
Nibh.xls,28/01/2017,/venenatis/turpis/enim/blandit/mi.jpg,Tana Aylesbury
LigulaPellentesqueUltrices.xls,26/07/2017,/tincidunt/in/leo/maecenas/pulvinar/lobortis/est.jpg,Thorstein Kelner
CrasMi.txt,09/07/2017,/quam/nec/dui/luctus/rutrum/nulla.jpg,Emelina Britney
AliquamSitAmet.avi,01/07/2017,/urna/ut/tellus/nulla/ut.html,Torrie Gunby
MorbiAIpsum.avi,28/03/2017,/faucibus/orci/luctus/et/ultrices/posuere.png,Rey Echlin
EgetErosElementum.ppt,14/10/2017,/nulla/facilisi.xml,Lia Blanchard
TinciduntAnteVel.jpeg,20/09/2017,/sodales/sed/tincidunt/eu/felis/fusce.jpg,Alidia Doore
TellusIn.ppt,02/04/2017,/sed/lacus/morbi/sem/mauris/laoreet.xml,Nadeen Hollington
SapienArcuSed.png,27/02/2017,/magna/vestibulum/aliquet/ultrices/erat/tortor/sollicitudin.js,Aimee Train
PellentesqueAt.jpeg,11/01/2018,/eget/orci/vehicula/condimentum/curabitur.jpg,Ileana Rodson
NullaUltrices.avi,10/10/2017,/consequat.jpg,Hamid Stote
VelEst.xls,28/09/2017,/sapien/cursus/vestibulum/proin/eu/mi/nulla.jpg,Bowie Clemenza
PrimisIn.mp3,16/06/2017,/sem/praesent/id.aspx,Bondie Karleman
NecEuismod.jpeg,20/08/2017,/dis.xml,Chelsae Brodest
Nam.ppt,08/04/2017,/donec.png,Mayne Egdal
Nulla.pdf,02/06/2017,/hac/habitasse/platea/dictumst/morbi/vestibulum/velit.png,Franzen Tidey
JustoPellentesqueViverra.ppt,04/02/2017,/gravida/nisi/at/nibh/in/hac.jsp,Pennie Haddeston
Erat.mpeg,27/07/2017,/at/ipsum/ac/tellus/semper.png,Sydney Stockney
EgetTincidunt.pdf,17/12/2017,/morbi/sem.png,Di Macek
JustoEu.xls,26/11/2017,/vestibulum/rutrum/rutrum.png,Emelda Meagher
Imperdiet.ppt,16/09/2017,/cubilia/curae.jsp,Eilis Ludlam
Consequat.mp3,07/09/2017,/est/donec/odio.aspx,Matty Romaine
FringillaRhoncusMauris.mov,20/04/2017,/nulla/mollis/molestie/lorem.json,Amandi Linay
Dui.ppt,03/09/2017,/porttitor/lacus/at/turpis/donec/posuere.jpg,Helge Alesin
