name,email,employeeId,skill
Dasha Brear,dbrear0@usda.gov,5041,Runway
Walton Wort,wwort1@bravesites.com,7885,WPS
Abrahan MacAlester,amacalester2@virginia.edu,4218,FBD
Mohammed Schanke,mschanke3@wired.com,7353,Voice Acting
Clarette Golt,cgolt4@tumblr.com,3818,TWIC Card
Guenevere Bartalini,gbartalini5@washingtonpost.com,7992,Zotero
Lorie Willman,lwillman6@mysql.com,7142,Telephone Skills
Derry Canadas,dcanadas7@eepurl.com,936,MDA
Steffen Turban,sturban8@hubpages.com,5497,RVM
Tracy Maysor,tmaysor9@house.gov,8400,Mortgage Banking
Cornell Muck,cmucka@prnewswire.com,6958,Crystal Reports
Ermina Fyfield,efyfieldb@cafepress.com,4374,TCP
Aveline Bandiera,abandierac@umich.edu,5147,GPU
Kahlil Ockenden,kockendend@google.de,870,Odeon
Stavro Masedon,smasedone@admin.ch,4701,ISO 14971
Alyson Creedland,acreedlandf@163.com,3687,IES VE
Clementine Done,cdoneg@sitemeter.com,7728,Knitting
Adele Zorzutti,azorzuttih@npr.org,7796,Interactive Whiteboard
Coletta Laise,claisei@google.pl,6052,SDSF
Chris McCleod,cmccleodj@china.com.cn,9986,Mobile Technology
Sheila Filippov,sfilippovk@marriott.com,5570,IBM Rational Tools
Oona Riccard,oriccardl@merriam-webster.com,5929,Market Risk
Nicky Paton,npatonm@opera.com,5145,Auditing
Lefty Paliser,lpalisern@networkadvertising.org,2143,JDBC
Bari Fintoph,bfintopho@dedecms.com,8913,Physics
Graham Kayes,gkayesp@ask.com,5131,CQT
Joshia Lord,jlordq@lulu.com,8837,Osteoporosis
Denise Keat,dkeatr@si.edu,9474,Film Production
Laverne Loren,llorens@mapquest.com,123,Yardi Property Management
Billy Valente,bvalentet@google.it,2301,SQL Azure
Luciano Bigglestone,lbigglestoneu@amazon.co.uk,9336,RTGS
Rosalinda Dawidowsky,rdawidowskyv@usatoday.com,942,DFX
Scarlet Marrow,smarroww@businessinsider.com,9791,Style Guides
Nealy Mathiasen,nmathiasenx@vistaprint.com,5696,Oil Changes
Kalinda Earney,kearneyy@ezinearticles.com,7523,SQL*Plus
Harwell Aukland,hauklandz@admin.ch,7151,Zynx
Gerladina Tothacot,gtothacot10@storify.com,8854,Apache Ivy
Brannon Lymer,blymer11@oracle.com,1765,Abaqus
Murdock Etherson,metherson12@myspace.com,414,International Shipping
Marigold Loweth,mloweth13@ycombinator.com,4931,Wrongful Death
Bunnie Hainey`,bhainey14@flickr.com,9365,Stage Make-up
Blanch Shackesby,bshackesby15@posterous.com,1028,RCRA
Janot Fannin,jfannin16@huffingtonpost.com,2696,Microsoft SQL Server
Lea Louch,llouch17@yandex.ru,4438,Oversight
Wells Stoving,wstoving18@shutterfly.com,5128,Kinetic Typography
Bernardo Franses,bfranses19@skype.com,3921,RAN
Timotheus Barnwell,tbarnwell1a@biblegateway.com,211,Project Implementation
Agretha Graysmark,agraysmark1b@php.net,504,Omron
Giacobo Summerson,gsummerson1c@icio.us,1920,TTP
Lionello Willacot,lwillacot1d@census.gov,4529,VTL
Adrian Brownhall,abrownhall1e@alibaba.com,4169,Digital Media
Darcey Human,dhuman1f@nyu.edu,8212,Utility Locating
Marietta Malimoe,mmalimoe1g@msu.edu,3948,Oracle Identity Manager
Jolee Duesbury,jduesbury1h@who.int,1199,DQL
Kerrill Scrivner,kscrivner1i@tmall.com,767,HTRF
Kate Evison,kevison1j@about.me,95,IEEE 802.11
Frannie Allom,fallom1k@springer.com,2001,HR Project Management
Carroll Turfitt,cturfitt1l@chronoengine.com,6836,Member of IEEE
Herve Fantonetti,hfantonetti1m@prnewswire.com,2536,Occupational Health
Robenia Shayler,rshayler1n@geocities.com,3041,Norton Utilities
Anna-diana Kamall,akamall1o@hatena.ne.jp,5422,Medicine
Romona Matonin,rmatonin1p@alexa.com,9961,Mobile Technology
David Rhodef,drhodef1q@about.com,2989,MS Integration Services
Isidro Spratley,ispratley1r@elpais.com,8530,Tunnels
Elvyn Como,ecomo1s@answers.com,7658,DDNS
Elora Bartholomieu,ebartholomieu1t@sciencedirect.com,4729,Marketing
Wiatt Crallan,wcrallan1u@wired.com,7000,CVE
Reuben Scroggie,rscroggie1v@youtube.com,793,HTRF
Doe Gethen,dgethen1w@delicious.com,835,Osteoporosis
Lizzy Frany,lfrany1x@narod.ru,2679,Tax Advisory
Brendon Loisi,bloisi1y@acquirethisname.com,862,Middle Office
Sibeal Oneill,soneill1z@drupal.org,535,QlikView Development
Antoinette Farmiloe,afarmiloe20@spiegel.de,3298,Typing
Audi Ghiriardelli,aghiriardelli21@rediff.com,3227,Iron
Jessey Pennicard,jpennicard22@soundcloud.com,1512,Adobe Creative Suite
Lyssa Steade,lsteade23@slideshare.net,1089,NCFM Certified
Dalia Clout,dclout24@who.int,8716,Zabbix
Jocelin Choak,jchoak25@hubpages.com,3910,NMLS Licensed
Ginny Chelley,gchelley26@icq.com,4466,CPA
Anastasia Fuzzard,afuzzard27@naver.com,4699,JAX-WS
Sullivan Van der Kruijs,svan28@businessinsider.com,8350,RNA Isolation
Elaine Dillinger,edillinger29@umich.edu,9810,Biology
Christan Verrier,cverrier2a@linkedin.com,4914,CVD
Murdoch Millett,mmillett2b@nationalgeographic.com,7686,Wind Turbines
Glynn Boakes,gboakes2c@exblog.jp,7016,Sales Cycle Management
Danny Nicholl,dnicholl2d@nationalgeographic.com,522,Business Valuation
Derril Fell,dfell2e@lycos.com,9889,Store Management
Yvonne Garatty,ygaratty2f@arstechnica.com,438,DFP
Vincenz Porter,vporter2g@spiegel.de,3715,Global Human Resources Management
Tilda Newham,tnewham2h@jalbum.net,8212,Workplace Violence
Giovanna Keaysell,gkeaysell2i@usgs.gov,4320,Keyboardist
Hamilton Edgley,hedgley2j@t.co,925,Microsoft Dynamics AX
Olympia Seakin,oseakin2k@t.co,4362,Jazz
Land Buckenhill,lbuckenhill2l@buzzfeed.com,4600,ERP Software
Jessamine Hospital,jhospital2m@cdbaby.com,6959,Multilingual
Novelia Glitherow,nglitherow2n@reuters.com,2670,Keratin Treatment
Florella Brunning,fbrunning2o@nydailynews.com,7997,GDI+
Alwyn Godard,agodard2p@columbia.edu,4558,Market Analysis
Ritchie Kalinsky,rkalinsky2q@chron.com,7271,Biomedical Engineering
Adelaida Domenicone,adomenicone2r@prweb.com,8830,CWTS
