projectName,customer,projectId,projectManager
Redhold,Wikivu,3530005896212752,Saxon Birtwistle
Tres-Zap,Oyonder,3558995009806093,Curr Tompsett
Treeflex,Feednation,6334730494505338,Cordelia Ivimy
Tin,Kayveo,3539048213452512,Norine Doddridge
Wrapsafe,Edgepulse,5602244664304883,Meredeth Chillingworth
Wrapsafe,Zoomzone,3543583978010521,Evita Rayworth
Transcof,Meetz,3560436785390032,Myra Fagg
Kanlam,Skinix,5510016444516205,Harmon Clibbery
Tres-Zap,Topicstorm,3562781782021793,Jemimah Gocher
Redhold,Cogibox,201577157710033,Jefferey Comello
Veribet,Feedfish,5551733448249258,Kissie Saph
Solarbreeze,Quatz,3579372297677278,Wait Boothroyd
Tampflex,Meedoo,5602221678478069,Esdras Bellfield
Greenlam,Quaxo,5002354252683030,Ikey MacTeague
Bitwolf,Feedmix,5002353075307793,Rice Fletham
Bytecard,Trilith,5602242735712654,Estrellita Yele
Stim,Dabfeed,56022221883042523,Gustavo Moorerud
Greenlam,Twitterbridge,3529481272995398,Vicki Prose
Sonsing,Kwinu,3586295452625009,Braden Lashmar
Y-find,Voolith,56022185633905844,Isabeau Agget
Andalax,Youspan,3560394854235010,Sterne Whitely
Stronghold,Dabfeed,3548317025780785,Gilles Butter
Holdlamis,Feedfire,6333157653628890168,Dav Gillis
It,Topicstorm,5349760570571586,Celestina Colliss
Voltsillam,Skalith,5602241579119273,Ervin Ritter
Bitwolf,Gevee,3575652115519461,Noelani Pool
It,Photobean,201936875883615,Whitney Dunford
Pannier,Thoughtsphere,3579663930459417,Maynord Rois
Toughjoyfax,Livetube,5471289886034675,Lynea Kunat
Lotstring,Twimm,3538981725311332,Alfred Tschierasche
Zaam-Dox,Npath,3563199739593427,Brandea Surgen
Fix San,Topdrive,337941709204639,Grannie Titterell
Fixflex,Gigaclub,3561476684440537,Joell MacCallion
Gembucket,Fadeo,3554967333887259,Alexandros Wiburn
Y-find,Dynabox,201503414272203,Sheila-kathryn Robeiro
Toughjoyfax,Brainverse,3553981058730694,Yvon Evensden
Zathin,Jabberbean,3583418323064454,Margie Dawley
Matsoft,Eire,3538868892419214,Nell Banbrigge
Greenlam,Twinte,3582809019131352,Pam Sperling
Rank,Feedmix,6334828541062248950,Dasie Counsell
Bigtax,Mita,3556800290527832,Mae Swadon
Voyatouch,Demivee,50203082407960838,Brigida Linsey
Rank,Camido,5602223322925446,Dannie Ingilson
Temp,Livepath,3563552551126140,Lem Guyers
Biodex,Jamia,3541097613709480,Morry Eversfield
Lotlux,Jabberstorm,5602231161587698,Clare Lightoller
Viva,Meemm,30485062532830,Maurizio Merrick
Tin,Flipstorm,36285844016282,Sherye Sparks
Sonair,Avaveo,5267166349215422,Franky Comini
Bitwolf,Skalith,3581490226730053,Jodie Dearell
Prodder,Realbridge,5602222837672766,Phillis Carine
Zoolab,Kwimbee,3528790543898210,Michal Humm
Quo Lux,Layo,67611190973332371,Wynny Drinnan
It,Yombu,3568847091245052,Nikita Landsberg
Matsoft,Yakijo,4913787242641181,Basia Grevatt
Bitwolf,Trunyx,5108751661607364,Urbanus Trunks
Greenlam,Quatz,5002352507776757,Elliot Anfosso
Regrant,InnoZ,56022524874390870,Madison Wennington
Bamity,Feedbug,3588480151987656,Caldwell Sacco
Trippledex,Youspan,3583581109661577,Venus McCabe
Pannier,Zoomdog,3552554641816998,Hector Willavize
Veribet,Jayo,3542058395774182,Shawn Gossling
Job,Teklist,676172785884627287,Klarika Pendrigh
Gembucket,Skyvu,30063656146109,Jeniece Guarnier
Ventosanzap,Thoughtstorm,3535488359733198,Thaddeus Ackroyd
Viva,Flashspan,6761180146563495435,Alissa Cornils
Gembucket,Wikivu,5602222063329313637,Markos Lafay
Fintone,Kwilith,3573890565214777,Teresa Arbon
Tempsoft,Podcat,4017952995991515,Sky May
Home Ing,Camido,5100139503249298,Emiline O'Suaird
Latlux,Meeveo,3567851946814741,Daveen Kadd
Flexidy,Babblestorm,3574489713101249,Ardyce Meadway
Mat Lam Tam,Demizz,3573909034915630,Whitney Cowser
Greenlam,Kwinu,3535419539916163,Rance Morforth
Keylex,Vimbo,3565764537094411,Jessi Twinborne
Duobam,Yotz,3570546169812787,Vivienne Cross
Andalax,Kwinu,374622463958826,Judon Brotherheed
Fixflex,Yacero,30547331952873,Brandice Tinston
Daltfresh,Twinder,5002351639251606,Gail Stather
Latlux,Twiyo,3551183624477197,Jori Surgison
Rank,Geba,3545022761253137,Giorgio Willoughway
Pannier,Twinte,5018617128554971771,Layton Drysdell
Pannier,Kwinu,4936341329611429996,Neall Seagrave
Ventosanzap,Dabjam,3530150389040169,Hoyt Lawford
Matsoft,Meeveo,3531090407718587,Sandy Smelley
Wrapsafe,Divape,379018748086894,Kevin Golagley
Ventosanzap,Livepath,4017951213109439,Tailor Feely
Sonsing,Thoughtblab,201989362644289,Gradey Smolan
Zoolab,Wordware,5258027061066206,Karel Chainey
Transcof,Gabvine,5417513053597124,Zelda Issac
Greenlam,Kanoodle,6767286526269523525,Ericha Goney
Voltsillam,Realcube,5602235264681357,Kipper Follit
Sub-Ex,Youopia,3537436465926907,Brandy Ivashintsov
Fix San,Skinte,3534360457582903,Lanie Pascow
Zathin,Brainsphere,630476756576711101,Hi Navan
Sonair,Mudo,3581719587899812,Regine Grishakov
Zathin,Kwideo,3543044753927942,Adeline St. Quentin
Aerified,Jaxspan,5100148706049058,Fredia Trunby
Voltsillam,Gigaclub,201806891158815,Devonna Labern
Aerified,Devbug,3586089542064034,Alli Rosedale
